ID,First name,Last name,Email
1,nasir1,uddin1,nasir@gmail.com
2,nasir2,uddin2,nasir@gmail.com
3,nasir3,uddin3,nasir@gmail.com
4,nasir4,uddin4,nasir@gmail.com
5,nasir5,uddin5,nasir@gmail.com
6,nasir6,uddin6,nasir@gmail.com
7,nasir7,uddin7,nasir@gmail.com
8,nasir8,uddin8,nasir@gmail.com
9,nasir9,uddin9,nasir@gmail.com
10,nasir10,uddin10,nasir@gmail.com
11,nasir11,uddin11,nasir@gmail.com
12,nasir12,uddin12,nasir@gmail.com
13,nasir13,uddin13,nasir@gmail.com
14,nasir14,uddin14,nasir@gmail.com
15,nasir15,uddin15,nasir@gmail.com